{
  "parent": "minecraft:item/generated",
  "overrides": [
    {
      "model": "minecraft:item/golden_boots_quartz_trim",
      "predicate": {
        "trim_type": 0.1
      }
    },
	{
      "model": "minecraft:item/golden_boots_iron_trim",
      "predicate": {
        "trim_type": 0.2
      }
    },
    {
      "model": "minecraft:item/golden_boots_netherite_trim",
      "predicate": {
        "trim_type": 0.3
      }
    },
    {
      "model": "minecraft:item/golden_boots_redstone_trim",
      "predicate": {
        "trim_type": 0.4
      }
    },
    {
      "model": "minecraft:item/golden_boots_copper_trim",
      "predicate": {
        "trim_type": 0.5
      }
    },
    {
      "model": "minecraft:item/golden_boots_gold_darker_trim",
      "predicate": {
        "trim_type": 0.6
      }
    },
    {
      "model": "minecraft:item/golden_boots_emerald_trim",
      "predicate": {
        "trim_type": 0.7
      }
    },
    {
      "model": "minecraft:item/golden_boots_diamond_trim",
      "predicate": {
        "trim_type": 0.8
      }
    },
	{
      "model": "trimsexpanded:item/golden_boots_coal_trim",
      "predicate": {
        "trim_type": 0.81
      }
    },
	{
      "model": "trimsexpanded:item/golden_boots_echo_trim",
      "predicate": {
        "trim_type": 0.82
      }
    },
    {
      "model": "trimsexpanded:item/golden_boots_ender_trim",
      "predicate": {
        "trim_type": 0.83
      }
    },
	{
      "model": "trimsexpanded:item/golden_boots_glowstone_trim",
      "predicate": {
        "trim_type": 0.84
      }
    },
	{
      "model": "trimsexpanded:item/golden_boots_leather_trim",
      "predicate": {
        "trim_type": 0.85
      }
    },
	{
      "model": "trimsexpanded:item/golden_boots_netherbrick_trim",
      "predicate": {
        "trim_type": 0.86
      }
    },
	{
      "model": "trimsexpanded:item/golden_boots_prismarine_trim",
      "predicate": {
        "trim_type": 0.87
      }
    },
	{
      "model": "trimsexpanded:item/golden_boots_rabbit_trim",
      "predicate": {
        "trim_type": 0.88
      }
    },
	{
      "model": "trimsexpanded:item/golden_boots_slime_trim",
      "predicate": {
        "trim_type": 0.89
      }
    },
	{
      "model": "trimsexpanded:item/golden_boots_flame_trim",
      "predicate": {
        "trim_type": 0.891
      }
    },
	{
      "model": "trimsexpanded:item/golden_boots_dragon_trim",
      "predicate": {
        "trim_type": 0.892
      }
    },
	{
      "model": "trimsexpanded:item/golden_boots_rainbow_trim",
      "predicate": {
        "trim_type": 0.893
      }
    },
    {
      "model": "minecraft:item/golden_boots_lapis_trim",
      "predicate": {
        "trim_type": 0.9
      }
    },
	{
      "model": "trimsexpanded:item/golden_boots_flame_trim",
      "predicate": {
        "trim_type": 0.91
      }
    },
	{
      "model": "trimsexpanded:item/golden_boots_dragon_trim",
      "predicate": {
        "trim_type": 0.92
      }
    },
    {
      "model": "minecraft:item/golden_boots_amethyst_trim",
      "predicate": {
        "trim_type": 1.0
      }
    }
  ],
  "textures": {
    "layer0": "minecraft:item/golden_boots"
  }
}
