{"parent":"minecraft:item/handheld","textures":{"layer0":"minecraft:item/diamond_axe"},"overrides":[{"predicate": {"trim_type": 0.1},"model": "trimmable_tools:item/diamond_axe_quartz_trim"},{"predicate": {"trim_type": 0.2},"model": "trimmable_tools:item/diamond_axe_iron_trim"},{"predicate": {"trim_type": 0.3},"model": "trimmable_tools:item/diamond_axe_netherite_trim"},{"predicate": {"trim_type": 0.4},"model": "trimmable_tools:item/diamond_axe_redstone_trim"},{"predicate": {"trim_type": 0.5},"model": "trimmable_tools:item/diamond_axe_copper_trim"},{"predicate": {"trim_type": 0.6},"model": "trimmable_tools:item/diamond_axe_gold_trim"},{"predicate": {"trim_type": 0.7},"model": "trimmable_tools:item/diamond_axe_emerald_trim"},{"predicate": {"trim_type": 0.8},"model": "trimmable_tools:item/diamond_axe_diamond_darker_trim"},{"predicate": {"trim_type": 0.9},"model": "trimmable_tools:item/diamond_axe_lapis_trim"},{"predicate": {"trim_type": 1.0},"model": "trimmable_tools:item/diamond_axe_amethyst_trim"}]}