{
  "sources": [
    {
      "type": "paletted_permutations",
      "textures": [
        "trims/items/leggings_trim",
        "trims/items/chestplate_trim",
        "trims/items/helmet_trim",
        "trims/items/boots_trim",
		
		"trimmable_tools:trims/items/sword_trim",
        "trimmable_tools:trims/items/pickaxe_trim",
        "trimmable_tools:trims/items/axe_trim",
        "trimmable_tools:trims/items/shovel_trim",
        "trimmable_tools:trims/items/hoe_trim"
      ],
      "palette_key": "trims/color_palettes/trim_palette",
      "permutations": {
        "coal": "trimsexpanded:trims/color_palettes/coal",
		"dragon": "trimsexpanded:trims/color_palettes/dragon",
		"echo": "trimsexpanded:trims/color_palettes/echo",
		"ender": "trimsexpanded:trims/color_palettes/ender",
		"flame": "trimsexpanded:trims/color_palettes/flame",
		"glowstone": "trimsexpanded:trims/color_palettes/glowstone",
		"leather": "trimsexpanded:trims/color_palettes/leather",
		"netherbrick": "trimsexpanded:trims/color_palettes/netherbrick",
		"prismarine": "trimsexpanded:trims/color_palettes/prismarine",
		"rabbit": "trimsexpanded:trims/color_palettes/rabbit",				"rainbow": "trimsexpanded:trims/color_palettes/rainbow",
		"slime": "trimsexpanded:trims/color_palettes/slime"
      }
    }
  ]
}
